{"Year":{"0":1900,"1":1905,"2":1910,"3":1915,"4":1920,"5":1925,"6":1930,"7":1935,"8":1940,"9":1945,"10":1950,"11":1955,"12":1960,"13":1965,"14":1970,"15":1975,"16":1980,"17":1985,"18":1990,"19":1995,"20":2000,"21":2005,"22":2010,"23":2015,"24":2020,"25":2025,"26":2030,"27":2035},"X":{"0":-78.6138764107,"1":-78.607241331,"2":-78.5869570919,"3":-78.5683991282,"4":-78.5562336696,"5":-78.5536088987,"6":-78.526098134,"7":-78.4933359445,"8":-78.4652659949,"9":-78.4662624544,"10":-78.4660812957,"11":-78.4604041202,"12":-78.5096814104,"13":-78.5346410734,"14":-78.5910318765,"15":-78.6874236586,"16":-78.8055629192,"17":-78.9744124669,"18":-79.1382719775,"19":-79.3232517226,"20":-79.5433189704,"21":-79.7483039335,"22":-80.0160225093,"23":-80.3130534347,"24":-80.5894687233,"25":-80.9151551912,"26":-81.2633268865,"27":-81.6331494908},"Y":{"0":-68.7915268956,"1":-68.7490265736,"2":-68.7213722569,"3":-68.5694645374,"4":-68.3762696407,"5":-68.2733514302,"6":-68.2598475604,"7":-68.3585391144,"8":-68.5081197495,"9":-68.5309091252,"10":-68.8470333025,"11":-69.1639663565,"12":-69.4667277776,"13":-69.8537872865,"14":-70.1774326551,"15":-70.4697090739,"16":-70.7591534649,"17":-70.895774768,"18":-71.1273968101,"19":-71.4161640499,"20":-71.5700228989,"21":-71.8051744957,"22":-72.2105924149,"23":-72.6130783758,"24":-72.6797099074,"25":-72.8632726953,"26":-73.019982644,"27":-73.147680285}}